{"allImages":[{"imageID":"1","URL":"https://i.ytimg.com/vi/WEh0O6Q4-Cc/maxresdefault.jpg","tags":["banana","fruit"],"comments":["BRO!! HOW DID YOU GET A BANANA IN SPACE????","thats crazy"]},{"imageID":"2","URL":"https://onapples.com/uploads/varieties/3y3v9tyf8h96.png","tags":["apple","red","fruit"],"comments":["sdffds","Nice!","wow!","I LOVE APPLES!!!!!!!"]},{"imageID":"3","URL":"https://static01.nyt.com/images/2018/05/23/dining/23fruit/23fruit-superJumbo.jpg","tags":["watermelon","green","fruit"],"comments":["Nice Pic!","Awesome!"]},{"imageID":"4","URL":"https://upload.wikimedia.org/wikipedia/commons/thumb/4/4c/Garden_strawberry_%28Fragaria_%C3%97_ananassa%29_single2.jpg/800px-Garden_strawberry_%28Fragaria_%C3%97_ananassa%29_single2.jpg","tags":["fruit","strawberry","berry"],"comments":["Scott really liked this image lmao","Based Berry"]},{"imageID":"5","URL":"https://riviste.newbusinessmedia.it/wp-content/uploads/sites/27/2013/12/Fotolia_11313277_M.jpg","tags":["fruit","orange"],"comments":["bro got a leaf"]},{"imageID":"6","URL":"https://t4.ftcdn.net/jpg/02/87/70/23/360_F_287702374_o1M3WbtfR89zj3mtfdW5sxBKmOlP2lxg.jpg","tags":["fruit","blue","blueberry","berry"],"comments":["blubry","I LOVE THESE!!!","SO BLUE!!!","roundddddd","Im so scared"]},{"imageID":"7","URL":"https://img.freepik.com/premium-vector/cute-grape-cartoon-icon-illustration_315787-56.jpg","tags":["fruit","grape","purple"],"comments":["green grapes > this trash","bro stfu"]},{"imageID":"8","URL":"https://i5.walmartimages.ca/images/Enlarge/198/506/6000200198506.jpg","tags":["pineapple","fruit"],"comments":["spunchbob house"]},{"imageID":"9","URL":"https://www.fs.usda.gov/wildflowers/plant-of-the-week/images/creepingsnowberry/Gaultheria_hispidula_fruits_lg.jpg","tags":["snowberry","fruit"],"comments":["FAKE FRUIT!! doesn't exist","I agree^^^^","idk what you guys are talkin about i love these"]},{"imageID":"10","URL":"https://pbs.twimg.com/media/FzcWUrBXoAE-x1S.jpg:large","tags":["bulbmin","fruit"],"comments":["what the heck is that thing","Pikmin 4 GOTY"]},{"imageID":"11","URL":"https://kidseatincolor.com/wp-content/uploads/2021/09/Cantaloupe-1024x709.jpg","tags":["fruit","big"],"comments":[]},{"imageID":"12","URL":"https://imagesvc.meredithcorp.io/v3/mm/image?q=60&c=sc&poi=face&w=2000&h=1000&url=https%3A%2F%2Fstatic.onecms.io%2Fwp-content%2Fuploads%2Fsites%2F19%2F2019%2F04%2F11%2FGettyImages-180341886-2000.jpg","tags":["tomato","fruit"],"comments":["ewwwwww"]},{"imageID":"13","URL":"https://img.freepik.com/premium-photo/lychee-table-chinese-plum-white-background-ripe-fruit-from-asia-delicious-product_537001-858.jpg?w=2000","tags":["fruit","pointy","leechie"],"comments":[]},{"imageID":"14","URL":"https://images.immediate.co.uk/production/volatile/sites/30/2020/02/Avocados-3d84a3a.jpg?quality=90&resize=556,505","tags":["avacado","fruit"],"comments":["big seed lol"]},{"imageID":"15","URL":"https://static01.nyt.com/newsgraphics/2014/06/16/bittman-eat-cherry/ed5c4f4c098cd142650d7c00014e71abf85d2f86/eatopener_cherry.jpg","tags":["fruit","cherry","red"],"comments":["cherries are awesome!!!!"]},{"imageID":"16","URL":"https://cdn.britannica.com/83/156583-050-4A1FABB5/Red-raspberries.jpg","tags":["fruit","red","small"],"comments":[]},{"imageID":"17","URL":"https://saltwire.imgix.net/SG-A00-17102017-DogberryWeather-AS.jpg?cs=srgb&fit=crop&h=568&w=847&dpr=1&auto=compress%2Cformat%2Cenhance","tags":["dog","fruit"],"comments":["YOU CANT EAT THESE"]},{"imageID":"18","URL":"https://hips.hearstapps.com/hmg-prod/images/carrots-royalty-free-image-1684505309.jpg?crop=0.68723xw:1xh;center,top&resize=1200:*","tags":["carrot,","fruit"],"comments":["this is a vegetable lol"]},{"imageID":"19","URL":"https://blogs.extension.iastate.edu/wellness/files/2014/08/peach.jpg","tags":["fruit","fuzzy","peach"],"comments":[]},{"imageID":"20","URL":"https://images.immediate.co.uk/production/volatile/sites/30/2020/02/Kiwi-fruits-582a07b.jpg?quality=90&resize=556,505","tags":["fruit","fuzzy","kiwi","green"],"comments":[]},{"imageID":"21","URL":"https://wtop.com/wp-content/uploads/2019/11/jackfruit-getty.jpg","tags":["bumpy","massive","fruit","green"],"comments":["AWESOME!!!!!"]},{"imageID":"22","URL":"https://upload.wikimedia.org/wikipedia/commons/thumb/7/74/Mangos_-_single_and_halved.jpg/640px-Mangos_-_single_and_halved.jpg","tags":["mango","fruit","orange"],"comments":["NEW PIC JUST DROPPED!!!"]}]}